"Message",Low,"正在启动 .NET Native 编译"
"Message",Low,""
"Message",Low,""
"Message",Low,"任务 ""Gatekeeper"""
"Message",Normal,"正在启动“C:\Program Files (x86)\Microsoft SDKs\UWPNuGetPackages\runtime.win10-x64.microsoft.net.native.compiler\2.2.12-rel-31116-00\tools\x64\ilc\ilc.exe --gatekeeper @""D:\DYNAMIC-CHIN\Documents\GitHub\database\obj\x64\Release\ilc\intermediate\gkargs.rsp""”"
"Message",Low,"Microsoft (R) .NET Native ���������汾 2.2.31116.00 "
"Message",Low,"Copyright (C) Microsoft Corporation.  All rights reserved. "
"Message",Low," "
"Message",Low,"���ڼ����򼯡�D:\DYNAMIC-CHIN\Documents\GitHub\database\obj\x64\Release\ilc\in\Microsoft.Data.Sqlite.dll����  "
"Message",Low,"���ڼ����򼯡�D:\DYNAMIC-CHIN\Documents\GitHub\database\obj\x64\Release\ilc\in\Microsoft.UI.Xaml.winmd����  "
"Message",Low,"���ڼ����򼯡�D:\DYNAMIC-CHIN\Documents\GitHub\database\obj\x64\Release\ilc\in\Microsoft.Web.WebView2.Core.winmd����  "
"Message",Low,"���ڼ����򼯡�D:\DYNAMIC-CHIN\Documents\GitHub\database\obj\x64\Release\ilc\in\SQLite-net.dll����  "
"Message",Low,"���ڼ����򼯡�D:\DYNAMIC-CHIN\Documents\GitHub\database\obj\x64\Release\ilc\in\SQLitePCLRaw.batteries_v2.dll����  "
"Message",Low,"���ڼ����򼯡�D:\DYNAMIC-CHIN\Documents\GitHub\database\obj\x64\Release\ilc\in\SQLitePCLRaw.core.dll����  "
"Message",Low,"���ڼ����򼯡�D:\DYNAMIC-CHIN\Documents\GitHub\database\obj\x64\Release\ilc\in\SQLitePCLRaw.provider.e_sqlite3.dll����  "
"Message",Low,"���ڼ����򼯡�D:\DYNAMIC-CHIN\Documents\GitHub\database\obj\x64\Release\ilc\in\StudentManagmentSystem.exe����  "
"Message",Normal,"“C:\Program Files (x86)\Microsoft SDKs\UWPNuGetPackages\runtime.win10-x64.microsoft.net.native.compiler\2.2.12-rel-31116-00\tools\x64\ilc\ilc.exe --gatekeeper @""D:\DYNAMIC-CHIN\Documents\GitHub\database\obj\x64\Release\ilc\intermediate\gkargs.rsp""”已完成。"
"Message",Normal,"进程执行统计信息(所有时间均以毫秒为单位)"
"Message",Normal,"-----------------------------------------------------------------------------"
"Message",Normal,"启动 | 开始 | 停止 | 结束 | 持续时间 | 生存期 | [槽] 名称"
"Message",Normal,"-----------------------------------------------------------------------------"
"Message",Normal,"       0 |        0 |      297 |     1187 |      297 |     1187 | [0] Gatekeeper"
"Message",Normal,"命令数:      1"
"Message",Normal,"总系统时间:       1187 毫秒"
"Message",Normal,"每命令系统时间: 1187 毫秒"
"Message",Normal,"总持续时间:          297 毫秒"
"Message",Normal,"总生存时间:          1187 毫秒"
"Message",Normal,"请求的 DOP:           16"
"Message",Normal,"持续时间 DOP:            0.3"
"Message",Normal,"生存时间 DOP:            1.0"
"Message",Low,"已完成执行任务 ""Gatekeeper""。"
"Message",Low,"已完成在文件 ""Preparation"" 中生成目标 ""RunGatekeeper""。"
"Message",Low,""
"Message",Low,"已完成在文件 ""Preparation"" 中生成目标 ""CreateToolchainGeneratedAssembly""。"
"Message",Low,""
"Message",Low,"任务 ""PreMergeAssemblyClosure"""
"Message",Low,"已完成执行任务 ""PreMergeAssemblyClosure""。"
"Message",Low,"已完成在文件 ""Preparation"" 中生成目标 ""ConstructPreMergeAssemblyClosure""。"
"Message",Low,""
"Message",Low,"任务 ""McgReferenceResolveFilePath"""
"Message",Low,"已完成执行任务 ""McgReferenceResolveFilePath""。"
"Message",Low,"已完成在文件 ""Preparation"" 中生成目标 ""PreResolveTransforms""。"
"Message",Low,""
"Message",Low,"任务 ""ResolveToolchainRequiredAssemblyRoots"""
"Message",Low,"已完成执行任务 ""ResolveToolchainRequiredAssemblyRoots""。"
"Message",Low,"任务 ""ILTransformAssemblyClosure"""
"Message",Low,"已完成执行任务 ""ILTransformAssemblyClosure""。"
"Message",Low,"任务 ""ResolveToolchainRequiredAssemblyRoots"""
"Message",Low,"已完成执行任务 ""ResolveToolchainRequiredAssemblyRoots""。"
"Message",Low,"任务 ""ReducedCopyAssemblyClosure"""
"Message",Low,"已完成执行任务 ""ReducedCopyAssemblyClosure""。"
"Message",Low,"已完成在文件 ""Preparation"" 中生成目标 ""ConstructILTransformAssemblyClosure""。"
"Message",Low,"已完成生成项目 ""Preparation""。"
"Message",Low,""
"Message",Low,""
"Message",High,"正在处理应用程序代码"
"Message",Low,"任务 ""RunILTransforms"""
"Message",Normal,"正在运行“DumpNativeResources”转换，达到 135 MB 时形成堆。"
"Message",Normal,"正在运行“Analysis”转换，达到 151 MB 时形成堆。"
"Message",Low,"正在加载 97 模块..."
"Message",Normal,"已从 13 个文件导入反射指令:"
"Message",Normal,"D:\DYNAMIC-CHIN\Documents\GitHub\database\obj\x64\Release\ilc\in\Properties\Default.rd.xml"
"Message",Normal,"System.Private.Interop 中的嵌入清单: Resources.System.Private.Interop.rd.xml"
"Message",Normal,"System.Private.WinRTInterop.CoreLib 中的嵌入清单: Resources.System.Private.WinRTInterop.CoreLib.rd.xml"
"Message",Normal,"System.Runtime.WindowsRuntime.UI.Xaml 中的嵌入清单: Resources.System.Runtime.WindowsRuntime.UI.Xaml.rd.xml"
"Message",Normal,"System.Data.Common 中的嵌入清单: Resources.System.Data.Common.rd.xml"
"Message",Normal,"System.Private.CoreLib 中的嵌入清单: Resources.System.Private.CoreLib.rd.xml"
"Message",Normal,"System.Private.Uri 中的嵌入清单: Resources.System.Private.Uri.rd.xml"
"Message",Normal,"System.Private.Reflection.Core 中的嵌入清单: System.Private.Reflection.Core.rd.xml"
"Message",Normal,"System.Linq.Expressions 中的嵌入清单: System.Linq.Expressions.Resources.System.Linq.Expressions.rd.xml"
"Message",Normal,"System.Private.Xml 中的嵌入清单: System.Xml.Resources.System.Private.Xml.rd.xml"
"Message",Normal,"System.ComponentModel.TypeConverter 中的嵌入清单: System.ComponentModel.TypeConverter.Resources.System.ComponentModel.TypeConverter.rd.xml"
"Message",Normal,"System.Runtime.Serialization.Formatters 中的嵌入清单: System.Runtime.Serialization.Formatters.Resources.System.Runtime.Serialization.Formatters.rd.xml"
"Message",Normal,"System.Net.Primitives 中的嵌入清单: Resources.System.Net.Primitives.rd.xml"
"Message",Normal,"已从 1 个文件导入 XAML 根:"
"Message",Normal,"D:\DYNAMIC-CHIN\Documents\GitHub\database\obj\x64\Release\ilc\in\StudentManagmentSystem.xr.xml"
"Message",Normal,"正在运行“Mcg”转换，达到 295 MB 时形成堆。"
"Message",High,"正在计算应用程序关闭并生成互操作代码"
"Message",High,"  正在加载 97 模块..."
"Message",Normal,"          P/Invoke“sqlite3_close”已从“e_sqlite3”解析为“sqlite3_close!e_sqlite3”。"
"Message",Normal,"          P/Invoke“sqlite3_close_v2”已从“e_sqlite3”解析为“sqlite3_close_v2!e_sqlite3”。"
"Message",Normal,"          P/Invoke“sqlite3_enable_shared_cache”已从“e_sqlite3”解析为“sqlite3_enable_shared_cache!e_sqlite3”。"
"Message",Normal,"          P/Invoke“sqlite3_interrupt”已从“e_sqlite3”解析为“sqlite3_interrupt!e_sqlite3”。"
"Message",Normal,"          P/Invoke“sqlite3_finalize”已从“e_sqlite3”解析为“sqlite3_finalize!e_sqlite3”。"
"Message",Normal,"          P/Invoke“sqlite3_reset”已从“e_sqlite3”解析为“sqlite3_reset!e_sqlite3”。"
"Message",Normal,"          P/Invoke“sqlite3_clear_bindings”已从“e_sqlite3”解析为“sqlite3_clear_bindings!e_sqlite3”。"
"Message",Normal,"          P/Invoke“sqlite3_stmt_status”已从“e_sqlite3”解析为“sqlite3_stmt_status!e_sqlite3”。"
"Message",Normal,"          P/Invoke“sqlite3_bind_parameter_name”已从“e_sqlite3”解析为“sqlite3_bind_parameter_name!e_sqlite3”。"
"Message",Normal,"          P/Invoke“sqlite3_column_database_name”已从“e_sqlite3”解析为“sqlite3_column_database_name!e_sqlite3”。"
"Message",Normal,"          P/Invoke“sqlite3_column_decltype”已从“e_sqlite3”解析为“sqlite3_column_decltype!e_sqlite3”。"
"Message",Normal,"          P/Invoke“sqlite3_column_name”已从“e_sqlite3”解析为“sqlite3_column_name!e_sqlite3”。"
"Message",Normal,"          P/Invoke“sqlite3_column_origin_name”已从“e_sqlite3”解析为“sqlite3_column_origin_name!e_sqlite3”。"
"Message",Normal,"          P/Invoke“sqlite3_column_table_name”已从“e_sqlite3”解析为“sqlite3_column_table_name!e_sqlite3”。"
"Message",Normal,"          P/Invoke“sqlite3_column_text”已从“e_sqlite3”解析为“sqlite3_column_text!e_sqlite3”。"
"Message",Normal,"          P/Invoke“sqlite3_errmsg”已从“e_sqlite3”解析为“sqlite3_errmsg!e_sqlite3”。"
"Message",Normal,"          P/Invoke“sqlite3_db_readonly”已从“e_sqlite3”解析为“sqlite3_db_readonly!e_sqlite3”。"
"Message",Normal,"          P/Invoke“sqlite3_db_filename”已从“e_sqlite3”解析为“sqlite3_db_filename!e_sqlite3”。"
"Message",Normal,"          P/Invoke“sqlite3_prepare_v2”已从“e_sqlite3”解析为“sqlite3_prepare_v2!e_sqlite3”。"
"Message",Normal,"          P/Invoke“sqlite3_prepare_v3”已从“e_sqlite3”解析为“sqlite3_prepare_v3!e_sqlite3”。"
"Message",Normal,"          P/Invoke“sqlite3_db_status”已从“e_sqlite3”解析为“sqlite3_db_status!e_sqlite3”。"
"Message",Normal,"          P/Invoke“sqlite3_complete”已从“e_sqlite3”解析为“sqlite3_complete!e_sqlite3”。"
"Message",Normal,"          P/Invoke“sqlite3_compileoption_used”已从“e_sqlite3”解析为“sqlite3_compileoption_used!e_sqlite3”。"
"Message",Normal,"          P/Invoke“sqlite3_compileoption_get”已从“e_sqlite3”解析为“sqlite3_compileoption_get!e_sqlite3”。"
"Message",Normal,"          P/Invoke“sqlite3_table_column_metadata”已从“e_sqlite3”解析为“sqlite3_table_column_metadata!e_sqlite3”。"
"Message",Normal,"          P/Invoke“sqlite3_value_text”已从“e_sqlite3”解析为“sqlite3_value_text!e_sqlite3”。"
"Message",Normal,"          P/Invoke“sqlite3_enable_load_extension”已从“e_sqlite3”解析为“sqlite3_enable_load_extension!e_sqlite3”。"
"Message",Normal,"          P/Invoke“sqlite3_limit”已从“e_sqlite3”解析为“sqlite3_limit!e_sqlite3”。"
"Message",Normal,"          P/Invoke“sqlite3_initialize”已从“e_sqlite3”解析为“sqlite3_initialize!e_sqlite3”。"
"Message",Normal,"          P/Invoke“sqlite3_shutdown”已从“e_sqlite3”解析为“sqlite3_shutdown!e_sqlite3”。"
"Message",Normal,"          P/Invoke“sqlite3_libversion”已从“e_sqlite3”解析为“sqlite3_libversion!e_sqlite3”。"
"Message",Normal,"          P/Invoke“sqlite3_libversion_number”已从“e_sqlite3”解析为“sqlite3_libversion_number!e_sqlite3”。"
"Message",Normal,"          P/Invoke“sqlite3_threadsafe”已从“e_sqlite3”解析为“sqlite3_threadsafe!e_sqlite3”。"
"Message",Normal,"          P/Invoke“sqlite3_sourceid”已从“e_sqlite3”解析为“sqlite3_sourceid!e_sqlite3”。"
"Message",Normal,"          P/Invoke“sqlite3_malloc”已从“e_sqlite3”解析为“sqlite3_malloc!e_sqlite3”。"
"Message",Normal,"          P/Invoke“sqlite3_realloc”已从“e_sqlite3”解析为“sqlite3_realloc!e_sqlite3”。"
"Message",Normal,"          P/Invoke“sqlite3_free”已从“e_sqlite3”解析为“sqlite3_free!e_sqlite3”。"
"Message",Normal,"          P/Invoke“sqlite3_stricmp”已从“e_sqlite3”解析为“sqlite3_stricmp!e_sqlite3”。"
"Message",Normal,"          P/Invoke“sqlite3_strnicmp”已从“e_sqlite3”解析为“sqlite3_strnicmp!e_sqlite3”。"
"Message",Normal,"          P/Invoke“sqlite3_open”已从“e_sqlite3”解析为“sqlite3_open!e_sqlite3”。"
"Message",Normal,"          P/Invoke“sqlite3_open_v2”已从“e_sqlite3”解析为“sqlite3_open_v2!e_sqlite3”。"
"Message",Normal,"          P/Invoke“sqlite3_vfs_find”已从“e_sqlite3”解析为“sqlite3_vfs_find!e_sqlite3”。"
"Message",Normal,"          P/Invoke“sqlite3_last_insert_rowid”已从“e_sqlite3”解析为“sqlite3_last_insert_rowid!e_sqlite3”。"
"Message",Normal,"          P/Invoke“sqlite3_changes”已从“e_sqlite3”解析为“sqlite3_changes!e_sqlite3”。"
"Message",Normal,"          P/Invoke“sqlite3_total_changes”已从“e_sqlite3”解析为“sqlite3_total_changes!e_sqlite3”。"
"Message",Normal,"          P/Invoke“sqlite3_memory_used”已从“e_sqlite3”解析为“sqlite3_memory_used!e_sqlite3”。"
"Message",Normal,"          P/Invoke“sqlite3_memory_highwater”已从“e_sqlite3”解析为“sqlite3_memory_highwater!e_sqlite3”。"
"Message",Normal,"          P/Invoke“sqlite3_soft_heap_limit64”已从“e_sqlite3”解析为“sqlite3_soft_heap_limit64!e_sqlite3”。"
"Message",Normal,"          P/Invoke“sqlite3_hard_heap_limit64”已从“e_sqlite3”解析为“sqlite3_hard_heap_limit64!e_sqlite3”。"
"Message",Normal,"          P/Invoke“sqlite3_status”已从“e_sqlite3”解析为“sqlite3_status!e_sqlite3”。"
"Message",Normal,"          P/Invoke“sqlite3_busy_timeout”已从“e_sqlite3”解析为“sqlite3_busy_timeout!e_sqlite3”。"
"Message",Normal,"          P/Invoke“sqlite3_bind_blob”已从“e_sqlite3”解析为“sqlite3_bind_blob!e_sqlite3”。"
"Message",Normal,"          P/Invoke“sqlite3_bind_zeroblob”已从“e_sqlite3”解析为“sqlite3_bind_zeroblob!e_sqlite3”。"
"Message",Normal,"          P/Invoke“sqlite3_bind_double”已从“e_sqlite3”解析为“sqlite3_bind_double!e_sqlite3”。"
"Message",Normal,"          P/Invoke“sqlite3_bind_int”已从“e_sqlite3”解析为“sqlite3_bind_int!e_sqlite3”。"
"Message",Normal,"          P/Invoke“sqlite3_bind_int64”已从“e_sqlite3”解析为“sqlite3_bind_int64!e_sqlite3”。"
"Message",Normal,"          P/Invoke“sqlite3_bind_null”已从“e_sqlite3”解析为“sqlite3_bind_null!e_sqlite3”。"
"Message",Normal,"          P/Invoke“sqlite3_bind_text”已从“e_sqlite3”解析为“sqlite3_bind_text!e_sqlite3”。"
"Message",Normal,"          P/Invoke“sqlite3_bind_text16”已从“e_sqlite3”解析为“sqlite3_bind_text16!e_sqlite3”。"
"Message",Normal,"          P/Invoke“sqlite3_bind_parameter_count”已从“e_sqlite3”解析为“sqlite3_bind_parameter_count!e_sqlite3”。"
"Message",Normal,"          P/Invoke“sqlite3_bind_parameter_index”已从“e_sqlite3”解析为“sqlite3_bind_parameter_index!e_sqlite3”。"
"Message",Normal,"          P/Invoke“sqlite3_column_count”已从“e_sqlite3”解析为“sqlite3_column_count!e_sqlite3”。"
"Message",Normal,"          P/Invoke“sqlite3_data_count”已从“e_sqlite3”解析为“sqlite3_data_count!e_sqlite3”。"
"Message",Normal,"          P/Invoke“sqlite3_step”已从“e_sqlite3”解析为“sqlite3_step!e_sqlite3”。"
"Message",Normal,"          P/Invoke“sqlite3_sql”已从“e_sqlite3”解析为“sqlite3_sql!e_sqlite3”。"
"Message",Normal,"          P/Invoke“sqlite3_column_double”已从“e_sqlite3”解析为“sqlite3_column_double!e_sqlite3”。"
"Message",Normal,"          P/Invoke“sqlite3_column_int”已从“e_sqlite3”解析为“sqlite3_column_int!e_sqlite3”。"
"Message",Normal,"          P/Invoke“sqlite3_column_int64”已从“e_sqlite3”解析为“sqlite3_column_int64!e_sqlite3”。"
"Message",Normal,"          P/Invoke“sqlite3_column_blob”已从“e_sqlite3”解析为“sqlite3_column_blob!e_sqlite3”。"
"Message",Normal,"          P/Invoke“sqlite3_column_bytes”已从“e_sqlite3”解析为“sqlite3_column_bytes!e_sqlite3”。"
"Message",Normal,"          P/Invoke“sqlite3_column_type”已从“e_sqlite3”解析为“sqlite3_column_type!e_sqlite3”。"
"Message",Normal,"          P/Invoke“sqlite3_aggregate_count”已从“e_sqlite3”解析为“sqlite3_aggregate_count!e_sqlite3”。"
"Message",Normal,"          P/Invoke“sqlite3_value_blob”已从“e_sqlite3”解析为“sqlite3_value_blob!e_sqlite3”。"
"Message",Normal,"          P/Invoke“sqlite3_value_bytes”已从“e_sqlite3”解析为“sqlite3_value_bytes!e_sqlite3”。"
"Message",Normal,"          P/Invoke“sqlite3_value_double”已从“e_sqlite3”解析为“sqlite3_value_double!e_sqlite3”。"
"Message",Normal,"          P/Invoke“sqlite3_value_int”已从“e_sqlite3”解析为“sqlite3_value_int!e_sqlite3”。"
"Message",Normal,"          P/Invoke“sqlite3_value_int64”已从“e_sqlite3”解析为“sqlite3_value_int64!e_sqlite3”。"
"Message",Normal,"          P/Invoke“sqlite3_value_type”已从“e_sqlite3”解析为“sqlite3_value_type!e_sqlite3”。"
"Message",Normal,"          P/Invoke“sqlite3_user_data”已从“e_sqlite3”解析为“sqlite3_user_data!e_sqlite3”。"
"Message",Normal,"          P/Invoke“sqlite3_result_blob”已从“e_sqlite3”解析为“sqlite3_result_blob!e_sqlite3”。"
"Message",Normal,"          P/Invoke“sqlite3_result_double”已从“e_sqlite3”解析为“sqlite3_result_double!e_sqlite3”。"
"Message",Normal,"          P/Invoke“sqlite3_result_error”已从“e_sqlite3”解析为“sqlite3_result_error!e_sqlite3”。"
"Message",Normal,"          P/Invoke“sqlite3_result_int”已从“e_sqlite3”解析为“sqlite3_result_int!e_sqlite3”。"
"Message",Normal,"          P/Invoke“sqlite3_result_int64”已从“e_sqlite3”解析为“sqlite3_result_int64!e_sqlite3”。"
"Message",Normal,"          P/Invoke“sqlite3_result_null”已从“e_sqlite3”解析为“sqlite3_result_null!e_sqlite3”。"
"Message",Normal,"          P/Invoke“sqlite3_result_text”已从“e_sqlite3”解析为“sqlite3_result_text!e_sqlite3”。"
"Message",Normal,"          P/Invoke“sqlite3_result_zeroblob”已从“e_sqlite3”解析为“sqlite3_result_zeroblob!e_sqlite3”。"
"Message",Normal,"          P/Invoke“sqlite3_result_error_toobig”已从“e_sqlite3”解析为“sqlite3_result_error_toobig!e_sqlite3”。"
"Message",Normal,"          P/Invoke“sqlite3_result_error_nomem”已从“e_sqlite3”解析为“sqlite3_result_error_nomem!e_sqlite3”。"
"Message",Normal,"          P/Invoke“sqlite3_result_error_code”已从“e_sqlite3”解析为“sqlite3_result_error_code!e_sqlite3”。"
"Message",Normal,"          P/Invoke“sqlite3_aggregate_context”已从“e_sqlite3”解析为“sqlite3_aggregate_context!e_sqlite3”。"
"Message",Normal,"          P/Invoke“sqlite3_config”已从“e_sqlite3”解析为“sqlite3_config!e_sqlite3”。"
"Message",Normal,"          P/Invoke“sqlite3_config”已从“e_sqlite3”解析为“sqlite3_config!e_sqlite3”。"
"Message",Normal,"          P/Invoke“sqlite3_config”已从“e_sqlite3”解析为“sqlite3_config!e_sqlite3”。"
"Message",Normal,"          P/Invoke“sqlite3_config”已从“e_sqlite3”解析为“sqlite3_config!e_sqlite3”。"
"Message",Normal,"          P/Invoke“sqlite3_config”已从“e_sqlite3”解析为“sqlite3_config!e_sqlite3”。"
"Message",Normal,"          P/Invoke“sqlite3_db_config”已从“e_sqlite3”解析为“sqlite3_db_config!e_sqlite3”。"
"Message",Normal,"          P/Invoke“sqlite3_db_config”已从“e_sqlite3”解析为“sqlite3_db_config!e_sqlite3”。"
"Message",Normal,"          P/Invoke“sqlite3_db_config”已从“e_sqlite3”解析为“sqlite3_db_config!e_sqlite3”。"
"Message",Normal,"          P/Invoke“sqlite3_db_config”已从“e_sqlite3”解析为“sqlite3_db_config!e_sqlite3”。"
"Message",Normal,"          P/Invoke“sqlite3_db_config”已从“e_sqlite3”解析为“sqlite3_db_config!e_sqlite3”。"
"Message",Normal,"          P/Invoke“sqlite3_db_config”已从“e_sqlite3”解析为“sqlite3_db_config!e_sqlite3”。"
"Message",Normal,"          P/Invoke“sqlite3_create_collation”已从“e_sqlite3”解析为“sqlite3_create_collation!e_sqlite3”。"
"Message",Normal,"          P/Invoke“sqlite3_update_hook”已从“e_sqlite3”解析为“sqlite3_update_hook!e_sqlite3”。"
"Message",Normal,"          P/Invoke“sqlite3_commit_hook”已从“e_sqlite3”解析为“sqlite3_commit_hook!e_sqlite3”。"
"Message",Normal,"          P/Invoke“sqlite3_profile”已从“e_sqlite3”解析为“sqlite3_profile!e_sqlite3”。"
"Message",Normal,"          P/Invoke“sqlite3_progress_handler”已从“e_sqlite3”解析为“sqlite3_progress_handler!e_sqlite3”。"
"Message",Normal,"          P/Invoke“sqlite3_trace”已从“e_sqlite3”解析为“sqlite3_trace!e_sqlite3”。"
"Message",Normal,"          P/Invoke“sqlite3_rollback_hook”已从“e_sqlite3”解析为“sqlite3_rollback_hook!e_sqlite3”。"
"Message",Normal,"          P/Invoke“sqlite3_db_handle”已从“e_sqlite3”解析为“sqlite3_db_handle!e_sqlite3”。"
"Message",Normal,"          P/Invoke“sqlite3_next_stmt”已从“e_sqlite3”解析为“sqlite3_next_stmt!e_sqlite3”。"
"Message",Normal,"          P/Invoke“sqlite3_stmt_isexplain”已从“e_sqlite3”解析为“sqlite3_stmt_isexplain!e_sqlite3”。"
"Message",Normal,"          P/Invoke“sqlite3_stmt_busy”已从“e_sqlite3”解析为“sqlite3_stmt_busy!e_sqlite3”。"
"Message",Normal,"          P/Invoke“sqlite3_stmt_readonly”已从“e_sqlite3”解析为“sqlite3_stmt_readonly!e_sqlite3”。"
"Message",Normal,"          P/Invoke“sqlite3_exec”已从“e_sqlite3”解析为“sqlite3_exec!e_sqlite3”。"
"Message",Normal,"          P/Invoke“sqlite3_get_autocommit”已从“e_sqlite3”解析为“sqlite3_get_autocommit!e_sqlite3”。"
"Message",Normal,"          P/Invoke“sqlite3_extended_result_codes”已从“e_sqlite3”解析为“sqlite3_extended_result_codes!e_sqlite3”。"
"Message",Normal,"          P/Invoke“sqlite3_errcode”已从“e_sqlite3”解析为“sqlite3_errcode!e_sqlite3”。"
"Message",Normal,"          P/Invoke“sqlite3_extended_errcode”已从“e_sqlite3”解析为“sqlite3_extended_errcode!e_sqlite3”。"
"Message",Normal,"          P/Invoke“sqlite3_errstr”已从“e_sqlite3”解析为“sqlite3_errstr!e_sqlite3”。"
"Message",Normal,"          P/Invoke“sqlite3_log”已从“e_sqlite3”解析为“sqlite3_log!e_sqlite3”。"
"Message",Normal,"          P/Invoke“sqlite3_file_control”已从“e_sqlite3”解析为“sqlite3_file_control!e_sqlite3”。"
"Message",Normal,"          P/Invoke“sqlite3_backup_init”已从“e_sqlite3”解析为“sqlite3_backup_init!e_sqlite3”。"
"Message",Normal,"          P/Invoke“sqlite3_backup_step”已从“e_sqlite3”解析为“sqlite3_backup_step!e_sqlite3”。"
"Message",Normal,"          P/Invoke“sqlite3_backup_remaining”已从“e_sqlite3”解析为“sqlite3_backup_remaining!e_sqlite3”。"
"Message",Normal,"          P/Invoke“sqlite3_backup_pagecount”已从“e_sqlite3”解析为“sqlite3_backup_pagecount!e_sqlite3”。"
"Message",Normal,"          P/Invoke“sqlite3_backup_finish”已从“e_sqlite3”解析为“sqlite3_backup_finish!e_sqlite3”。"
"Message",Normal,"          P/Invoke“sqlite3_snapshot_get”已从“e_sqlite3”解析为“sqlite3_snapshot_get!e_sqlite3”。"
"Message",Normal,"          P/Invoke“sqlite3_snapshot_open”已从“e_sqlite3”解析为“sqlite3_snapshot_open!e_sqlite3”。"
"Message",Normal,"          P/Invoke“sqlite3_snapshot_recover”已从“e_sqlite3”解析为“sqlite3_snapshot_recover!e_sqlite3”。"
"Message",Normal,"          P/Invoke“sqlite3_snapshot_cmp”已从“e_sqlite3”解析为“sqlite3_snapshot_cmp!e_sqlite3”。"
"Message",Normal,"          P/Invoke“sqlite3_snapshot_free”已从“e_sqlite3”解析为“sqlite3_snapshot_free!e_sqlite3”。"
"Message",Normal,"          P/Invoke“sqlite3_blob_open”已从“e_sqlite3”解析为“sqlite3_blob_open!e_sqlite3”。"
"Message",Normal,"          P/Invoke“sqlite3_blob_write”已从“e_sqlite3”解析为“sqlite3_blob_write!e_sqlite3”。"
"Message",Normal,"          P/Invoke“sqlite3_blob_read”已从“e_sqlite3”解析为“sqlite3_blob_read!e_sqlite3”。"
"Message",Normal,"          P/Invoke“sqlite3_blob_bytes”已从“e_sqlite3”解析为“sqlite3_blob_bytes!e_sqlite3”。"
"Message",Normal,"          P/Invoke“sqlite3_blob_reopen”已从“e_sqlite3”解析为“sqlite3_blob_reopen!e_sqlite3”。"
"Message",Normal,"          P/Invoke“sqlite3_blob_close”已从“e_sqlite3”解析为“sqlite3_blob_close!e_sqlite3”。"
"Message",Normal,"          P/Invoke“sqlite3_wal_autocheckpoint”已从“e_sqlite3”解析为“sqlite3_wal_autocheckpoint!e_sqlite3”。"
"Message",Normal,"          P/Invoke“sqlite3_wal_checkpoint”已从“e_sqlite3”解析为“sqlite3_wal_checkpoint!e_sqlite3”。"
"Message",Normal,"          P/Invoke“sqlite3_wal_checkpoint_v2”已从“e_sqlite3”解析为“sqlite3_wal_checkpoint_v2!e_sqlite3”。"
"Message",Normal,"          P/Invoke“sqlite3_set_authorizer”已从“e_sqlite3”解析为“sqlite3_set_authorizer!e_sqlite3”。"
"Message",Normal,"          P/Invoke“sqlite3_win32_set_directory8”已从“e_sqlite3”解析为“sqlite3_win32_set_directory8!e_sqlite3”。"
"Message",Normal,"          P/Invoke“sqlite3_create_function_v2”已从“e_sqlite3”解析为“sqlite3_create_function_v2!e_sqlite3”。"
"Message",Normal,"          P/Invoke“sqlite3_keyword_count”已从“e_sqlite3”解析为“sqlite3_keyword_count!e_sqlite3”。"
"Message",Normal,"          P/Invoke“sqlite3_keyword_name”已从“e_sqlite3”解析为“sqlite3_keyword_name!e_sqlite3”。"
"Message",Normal,"          包含 [DllImport(ExactSpelling=true)] 的 P/Invoke“RhpGetFuncEvalParameterBufferSize”已被解析为“[MRT]!RhpGetFuncEvalParameterBufferSize”。"
"Message",Normal,"          包含 [DllImport(ExactSpelling=true)] 的 P/Invoke“RhpGetFuncEvalMode”已被解析为“[MRT]!RhpGetFuncEvalMode”。"
"Message",Normal,"          包含 [DllImport(ExactSpelling=true)] 的 P/Invoke“RhpRecordDebuggeeInitiatedHandle”已被解析为“[MRT]!RhpRecordDebuggeeInitiatedHandle”。"
"Message",Normal,"          包含 [DllImport(ExactSpelling=true)] 的 P/Invoke“RhpVerifyDebuggerCleanup”已被解析为“[MRT]!RhpVerifyDebuggerCleanup”。"
"Message",Normal,"          包含 [DllImport(ExactSpelling=true)] 的 P/Invoke“RhpGetCurrentThread”已被解析为“[MRT]!RhpGetCurrentThread”。"
"Message",Normal,"          包含 [DllImport(ExactSpelling=true)] 的 P/Invoke“RhWaitForPendingFinalizers”已被解析为“[MRT]!RhWaitForPendingFinalizers”。"
"Message",Normal,"          包含 [DllImport(ExactSpelling=true)] 的 P/Invoke“RhYield”已被解析为“[MRT]!RhYield”。"
"Message",Normal,"          包含 [DllImport(ExactSpelling=true)] 的 P/Invoke“RhFlushProcessWriteBuffers”已被解析为“[MRT]!RhFlushProcessWriteBuffers”。"
"Message",Normal,"          包含 [DllImport(ExactSpelling=true)] 的 P/Invoke“RhCompatibleReentrantWaitAny”已被解析为“[MRT]!RhCompatibleReentrantWaitAny”。"
"Message",Normal,"          包含 [DllImport(ExactSpelling=true)] 的 P/Invoke“RhCallDescrWorker”已被解析为“[MRT]!RhCallDescrWorker”。"
"Message",Normal,"          包含 [DllImport(ExactSpelling=true)] 的 P/Invoke“_ecvt_s”已被解析为“[MRT]!_ecvt_s”。"
"Message",Normal,"          包含 [DllImport(ExactSpelling=true)] 的 P/Invoke“memmove”已被解析为“[MRT]!memmove”。"
"Message",Normal,"          包含 [DllImport(ExactSpelling=true)] 的 P/Invoke“memset”已被解析为“[MRT]!memset”。"
"Message",Normal,"          包含 [DllImport(ExactSpelling=true)] 的 P/Invoke“CallingConventionConverter_GetStubs”已被解析为“*!CallingConventionConverter_GetStubs”。"
"Message",Normal,"          P/Invoke“WindowsCreateStringReference”已从“SupportedAPIs.xml”解析为“WindowsCreateStringReference!api-ms-win-core-winrt-string-l1-1-0.dll”。"
"Message",Normal,"          P/Invoke“GetLastError”已从“SupportedAPIs.xml”解析为“GetLastError!api-ms-win-core-errorhandling-l1-1-0.dll”。"
"Message",Normal,"          P/Invoke“SetLastError”已从“SupportedAPIs.xml”解析为“SetLastError!api-ms-win-core-errorhandling-l1-1-0.dll”。"
"Message",Normal,"          P/Invoke“RoInitialize”已从“SupportedAPIs.xml”解析为“RoInitialize!api-ms-win-core-winrt-l1-1-0.dll”。"
"Message",Normal,"          P/Invoke“GetSystemInfo”已从“SupportedAPIs.xml”解析为“GetSystemInfo!kernel32.dll”。"
"Message",Normal,"          P/Invoke“IsValidLocaleName”已从“SupportedAPIs.xml”解析为“IsValidLocaleName!api-ms-win-core-localization-l1-2-0.dll”。"
"Message",Normal,"          P/Invoke“ResolveLocaleName”已从“SupportedAPIs.xml”解析为“ResolveLocaleName!api-ms-win-core-localization-l1-2-0.dll”。"
"Message",Normal,"          P/Invoke“CertDuplicateCertificateContext”已从“SupportedAPIs.xml”解析为“CertDuplicateCertificateContext!crypt32.dll”。"
"Message",Normal,"          P/Invoke“CertGetCertificateContextProperty”已从“SupportedAPIs.xml”解析为“CertGetCertificateContextProperty!crypt32.dll”。"
"Message",Normal,"          P/Invoke“DeleteFileW”已从“SupportedAPIs.xml”解析为“DeleteFileW!kernel32.dll”。"
"Message",Normal,"          P/Invoke“GetCPInfoExW”已从“SupportedAPIs.xml”解析为“GetCPInfoExW!kernel32.dll”。"
"Message",Normal,"          P/Invoke“CryptQueryObject”已从“SupportedAPIs.xml”解析为“CryptQueryObject!crypt32.dll”。"
"Message",Normal,"          P/Invoke“CertDuplicateCertificateContext”已从“SupportedAPIs.xml”解析为“CertDuplicateCertificateContext!crypt32.dll”。"
"Message",Normal,"          P/Invoke“SetThreadErrorMode”已从“SupportedAPIs.xml”解析为“SetThreadErrorMode!kernel32.dll”。"
"Message",Normal,"          P/Invoke“GetFileAttributesExW”已从“SupportedAPIs.xml”解析为“GetFileAttributesExW!kernel32.dll”。"
"Message",Normal,"          P/Invoke“FindFirstFileExW”已从“SupportedAPIs.xml”解析为“FindFirstFileExW!kernel32.dll”。"
"Message",Normal,"          P/Invoke“CertFreeCertificateContext”已从“SupportedAPIs.xml”解析为“CertFreeCertificateContext!crypt32.dll”。"
"Message",Normal,"          P/Invoke“CryptMsgGetParam”已从“SupportedAPIs.xml”解析为“CryptMsgGetParam!crypt32.dll”。"
"Message",Normal,"          P/Invoke“CryptMsgGetParam”已从“SupportedAPIs.xml”解析为“CryptMsgGetParam!crypt32.dll”。"
"Message",Normal,"          P/Invoke“PFXImportCertStore”已从“SupportedAPIs.xml”解析为“PFXImportCertStore!crypt32.dll”。"
"Message",Normal,"          P/Invoke“CryptFindOIDInfo”已从“SupportedAPIs.xml”解析为“CryptFindOIDInfo!crypt32.dll”。"
"Message",Normal,"          P/Invoke“CoCreateInstance”已从“SupportedAPIs.xml”解析为“CoCreateInstance!api-ms-win-core-com-l1-1-0.dll”。"
"Message",Normal,"          P/Invoke“CertGetCertificateContextProperty”已从“SupportedAPIs.xml”解析为“CertGetCertificateContextProperty!crypt32.dll”。"
"Message",Normal,"          P/Invoke“CertCloseStore”已从“SupportedAPIs.xml”解析为“CertCloseStore!crypt32.dll”。"
"Message",Normal,"          P/Invoke“CryptMsgClose”已从“SupportedAPIs.xml”解析为“CryptMsgClose!crypt32.dll”。"
"Message",Normal,"          P/Invoke“FindClose”已从“SupportedAPIs.xml”解析为“FindClose!kernel32.dll”。"
"Message",Normal,"          P/Invoke“CertFindCertificateInStore”已从“SupportedAPIs.xml”解析为“CertFindCertificateInStore!crypt32.dll”。"
"Message",Normal,"          P/Invoke“CryptAcquireContextW”已从“SupportedAPIs.xml”解析为“CryptAcquireContextW!advapi32.dll”。"
"Message",Normal,"          P/Invoke“CertEnumCertificatesInStore”已从“SupportedAPIs.xml”解析为“CertEnumCertificatesInStore!crypt32.dll”。"
"Message",Normal,"          P/Invoke“WSAGetOverlappedResult”已从“SupportedAPIs.xml”解析为“WSAGetOverlappedResult!ws2_32.dll”。"
"Message",Normal,"          P/Invoke“SysFreeString”已从“SupportedAPIs.xml”解析为“SysFreeString!OleAut32”。"
"Message",Normal,"          P/Invoke“FormatMessageW”已从“SupportedAPIs.xml”解析为“FormatMessageW!kernel32.dll”。"
"Message",Normal,"          P/Invoke“FormatMessageW”已从“SupportedAPIs.xml”解析为“FormatMessageW!kernel32.dll”。"
"Message",Normal,"          P/Invoke“CertGetNameStringW”已从“SupportedAPIs.xml”解析为“CertGetNameStringW!crypt32.dll”。"
"Message",Normal,"          P/Invoke“NCryptOpenKey”已从“SupportedAPIs.xml”解析为“NCryptOpenKey!ncrypt.dll”。"
"Message",Normal,"          P/Invoke“setsockopt”已从“SupportedAPIs.xml”解析为“setsockopt!ws2_32.dll”。"
"Message",Normal,"          P/Invoke“setsockopt”已从“SupportedAPIs.xml”解析为“setsockopt!ws2_32.dll”。"
"Message",Normal,"          P/Invoke“NCryptDeleteKey”已从“SupportedAPIs.xml”解析为“NCryptDeleteKey!ncrypt.dll”。"
"Message",Normal,"          P/Invoke“NCryptOpenStorageProvider”已从“SupportedAPIs.xml”解析为“NCryptOpenStorageProvider!ncrypt.dll”。"
"Message",Normal,"          P/Invoke“NCryptFreeObject”已从“SupportedAPIs.xml”解析为“NCryptFreeObject!ncrypt.dll”。"
"Message",Normal,"          P/Invoke“FormatMessageW”已从“SupportedAPIs.xml”解析为“FormatMessageW!kernel32.dll”。"
"Message",Normal,"          P/Invoke“FormatMessageW”已从“SupportedAPIs.xml”解析为“FormatMessageW!kernel32.dll”。"
"Message",Normal,"          P/Invoke“RoGetBufferMarshaler”已从“SupportedAPIs.xml”解析为“RoGetBufferMarshaler!api-ms-win-core-winrt-robuffer-l1-1-0.dll”。"
"Message",Normal,"          P/Invoke“BCryptGenRandom”已从“SupportedAPIs.xml”解析为“BCryptGenRandom!BCrypt.dll”。"
"Message",Normal,"          P/Invoke“FormatMessageW”已从“SupportedAPIs.xml”解析为“FormatMessageW!kernel32.dll”。"
"Message",Normal,"          P/Invoke“getsockname”已从“SupportedAPIs.xml”解析为“getsockname!ws2_32.dll”。"
"Message",Normal,"          P/Invoke“getpeername”已从“SupportedAPIs.xml”解析为“getpeername!ws2_32.dll”。"
"Message",Normal,"          P/Invoke“WSAStartup”已从“SupportedAPIs.xml”解析为“WSAStartup!ws2_32.dll”。"
"Message",Normal,"          P/Invoke“select”已从“SupportedAPIs.xml”解析为“select!ws2_32.dll”。"
"Message",Normal,"          P/Invoke“select”已从“SupportedAPIs.xml”解析为“select!ws2_32.dll”。"
"Message",Normal,"          P/Invoke“ioctlsocket”已从“SupportedAPIs.xml”解析为“ioctlsocket!ws2_32.dll”。"
"Message",Normal,"          P/Invoke“shutdown”已从“SupportedAPIs.xml”解析为“shutdown!ws2_32.dll”。"
"Message",Normal,"          P/Invoke“setsockopt”已从“SupportedAPIs.xml”解析为“setsockopt!ws2_32.dll”。"
"Message",Normal,"          P/Invoke“recv”已从“SupportedAPIs.xml”解析为“recv!ws2_32.dll”。"
"Message",Normal,"          P/Invoke“WSAIoctl”已从“SupportedAPIs.xml”解析为“WSAIoctl!ws2_32.dll”。"
"Message",Normal,"          P/Invoke“CertGetNameStringW”已从“SupportedAPIs.xml”解析为“CertGetNameStringW!crypt32.dll”。"
"Message",Normal,"          P/Invoke“RevertToSelf”已从“SupportedAPIs.xml”解析为“RevertToSelf!advapi32.dll”。"
"Message",Normal,"          P/Invoke“ImpersonateLoggedOnUser”已从“SupportedAPIs.xml”解析为“ImpersonateLoggedOnUser!advapi32.dll”。"
"Message",Normal,"          P/Invoke“GetAddrInfoW”已从“SupportedAPIs.xml”解析为“GetAddrInfoW!ws2_32.dll”。"
"Message",Normal,"          P/Invoke“WSASocketW”已从“SupportedAPIs.xml”解析为“WSASocketW!ws2_32.dll”。"
"Message",Normal,"          P/Invoke“closesocket”已从“SupportedAPIs.xml”解析为“closesocket!ws2_32.dll”。"
"Message",Normal,"          P/Invoke“WSASocketW”已从“SupportedAPIs.xml”解析为“WSASocketW!ws2_32.dll”。"
"Message",Normal,"          P/Invoke“WSAConnect”已从“SupportedAPIs.xml”解析为“WSAConnect!ws2_32.dll”。"
"Message",Normal,"          P/Invoke“listen”已从“SupportedAPIs.xml”解析为“listen!ws2_32.dll”。"
"Message",Normal,"          P/Invoke“GetCurrentThread”已从“SupportedAPIs.xml”解析为“GetCurrentThread!kernel32.dll”。"
"Message",Normal,"          P/Invoke“OpenThreadToken”已从“SupportedAPIs.xml”解析为“OpenThreadToken!advapi32.dll”。"
"Message",Normal,"          P/Invoke“GetCurrentProcess”已从“SupportedAPIs.xml”解析为“GetCurrentProcess!kernel32.dll”。"
"Message",Normal,"          P/Invoke“OpenProcessToken”已从“SupportedAPIs.xml”解析为“OpenProcessToken!advapi32.dll”。"
"Message",Normal,"          P/Invoke“bind”已从“SupportedAPIs.xml”解析为“bind!ws2_32.dll”。"
"Message",Normal,"          P/Invoke“CryptGetKeyParam”已从“SupportedAPIs.xml”解析为“CryptGetKeyParam!advapi32.dll”。"
"Message",Normal,"          P/Invoke“getsockopt”已从“SupportedAPIs.xml”解析为“getsockopt!ws2_32.dll”。"
"Message",Normal,"          P/Invoke“send”已从“SupportedAPIs.xml”解析为“send!ws2_32.dll”。"
"Message",Normal,"          P/Invoke“CryptFindOIDInfo”已从“SupportedAPIs.xml”解析为“CryptFindOIDInfo!crypt32.dll”。"
"Message",Normal,"          P/Invoke“CloseHandle”已从“SupportedAPIs.xml”解析为“CloseHandle!kernel32.dll”。"
"Message",Normal,"          P/Invoke“freeaddrinfo”已从“SupportedAPIs.xml”解析为“freeaddrinfo!ws2_32.dll”。"
"Message",Normal,"          P/Invoke“FreeAddrInfoExW”已从“SupportedAPIs.xml”解析为“FreeAddrInfoExW!ws2_32.dll”。"
"Message",Normal,"          P/Invoke“WSASocketW”已从“SupportedAPIs.xml”解析为“WSASocketW!ws2_32.dll”。"
"Message",Normal,"          P/Invoke“closesocket”已从“SupportedAPIs.xml”解析为“closesocket!ws2_32.dll”。"
"Message",Normal,"          P/Invoke“gethostname”已从“SupportedAPIs.xml”解析为“gethostname!ws2_32.dll”。"
"Message",Normal,"          P/Invoke“CryptGetDefaultProviderW”已从“SupportedAPIs.xml”解析为“CryptGetDefaultProviderW!advapi32.dll”。"
"Message",Normal,"          P/Invoke“CryptAcquireContextW”已从“SupportedAPIs.xml”解析为“CryptAcquireContextW!advapi32.dll”。"
"Message",Normal,"          P/Invoke“CryptGetUserKey”已从“SupportedAPIs.xml”解析为“CryptGetUserKey!advapi32.dll”。"
"Message",Normal,"          P/Invoke“getsockopt”已从“SupportedAPIs.xml”解析为“getsockopt!ws2_32.dll”。"
"Message",Normal,"          P/Invoke“getsockopt”已从“SupportedAPIs.xml”解析为“getsockopt!ws2_32.dll”。"
"Message",Normal,"          P/Invoke“getsockopt”已从“SupportedAPIs.xml”解析为“getsockopt!ws2_32.dll”。"
"Message",Normal,"          P/Invoke“CertGetCertificateChain”已从“SupportedAPIs.xml”解析为“CertGetCertificateChain!crypt32.dll”。"
"Message",Normal,"          P/Invoke“ioctlsocket”已从“SupportedAPIs.xml”解析为“ioctlsocket!ws2_32.dll”。"
"Message",Normal,"          P/Invoke“setsockopt”已从“SupportedAPIs.xml”解析为“setsockopt!ws2_32.dll”。"
"Message",Normal,"          P/Invoke“LsaGetLogonSessionData”已从“SupportedAPIs.xml”解析为“LsaGetLogonSessionData!sspicli.dll”。"
"Message",Normal,"          P/Invoke“CertNameToStrW”已从“SupportedAPIs.xml”解析为“CertNameToStrW!crypt32.dll”。"
"Message",Normal,"          P/Invoke“CryptFormatObject”已从“SupportedAPIs.xml”解析为“CryptFormatObject!crypt32.dll”。"
"Message",Normal,"          P/Invoke“CryptGetProvParam”已从“SupportedAPIs.xml”解析为“CryptGetProvParam!advapi32.dll”。"
"Message",Normal,"          P/Invoke“GetTokenInformation”已从“SupportedAPIs.xml”解析为“GetTokenInformation!advapi32.dll”。"
"Message",Normal,"          P/Invoke“LocalAlloc”已从“SupportedAPIs.xml”解析为“LocalAlloc!kernel32.dll”。"
"Message",Normal,"          P/Invoke“CryptDestroyKey”已从“SupportedAPIs.xml”解析为“CryptDestroyKey!advapi32.dll”。"
"Message",Normal,"          P/Invoke“LsaNtStatusToWinError”已从“SupportedAPIs.xml”解析为“LsaNtStatusToWinError!advapi32.dll”。"
"Message",Normal,"          P/Invoke“DuplicateTokenEx”已从“SupportedAPIs.xml”解析为“DuplicateTokenEx!advapi32.dll”。"
"Message",Normal,"          P/Invoke“CheckTokenMembershipEx”已从“SupportedAPIs.xml”解析为“CheckTokenMembershipEx!kernel32.dll”。"
"Message",Normal,"          P/Invoke“CryptFormatObject”已从“SupportedAPIs.xml”解析为“CryptFormatObject!crypt32.dll”。"
"Message",Normal,"          P/Invoke“LsaFreeReturnBuffer”已从“SupportedAPIs.xml”解析为“LsaFreeReturnBuffer!sspicli.dll”。"
"Message",Normal,"          P/Invoke“accept”已从“SupportedAPIs.xml”解析为“accept!ws2_32.dll”。"
"Message",Normal,"          P/Invoke“GetAddrInfoExW”已从“SupportedAPIs.xml”解析为“GetAddrInfoExW!ws2_32.dll”。"
"Message",Normal,"          P/Invoke“WSARecv”已从“SupportedAPIs.xml”解析为“WSARecv!ws2_32.dll”。"
"Message",Normal,"          P/Invoke“WSASend”已从“SupportedAPIs.xml”解析为“WSASend!ws2_32.dll”。"
"Message",Normal,"          P/Invoke“GetTokenInformation”已从“SupportedAPIs.xml”解析为“GetTokenInformation!advapi32.dll”。"
"Message",Normal,"          P/Invoke“DuplicateHandle”已从“SupportedAPIs.xml”解析为“DuplicateHandle!kernel32.dll”。"
"Message",Normal,"          P/Invoke“CryptImportPublicKeyInfoEx2”已从“SupportedAPIs.xml”解析为“CryptImportPublicKeyInfoEx2!crypt32.dll”。"
"Message",Normal,"          P/Invoke“BCryptExportKey”已从“SupportedAPIs.xml”解析为“BCryptExportKey!BCrypt.dll”。"
"Message",Normal,"          P/Invoke“CryptDecodeObject”已从“SupportedAPIs.xml”解析为“CryptDecodeObject!crypt32.dll”。"
"Message",Normal,"          P/Invoke“CryptReleaseContext”已从“SupportedAPIs.xml”解析为“CryptReleaseContext!advapi32.dll”。"
"Message",Normal,"          P/Invoke“CertFreeCertificateChain”已从“SupportedAPIs.xml”解析为“CertFreeCertificateChain!crypt32.dll”。"
"Message",Normal,"          P/Invoke“GetNetworkParams”已从“SupportedAPIs.xml”解析为“GetNetworkParams!iphlpapi.dll”。"
"Message",Normal,"          P/Invoke“LocalAlloc”已从“SupportedAPIs.xml”解析为“LocalAlloc!kernel32.dll”。"
"Message",Normal,"          P/Invoke“CertVerifyCertificateChainPolicy”已从“SupportedAPIs.xml”解析为“CertVerifyCertificateChainPolicy!crypt32.dll”。"
"Message",Normal,"          P/Invoke“LocalFree”已从“SupportedAPIs.xml”解析为“LocalFree!kernel32.dll”。"
"Message",Normal,"          P/Invoke“CertAddCertificateLinkToStore”已从“SupportedAPIs.xml”解析为“CertAddCertificateLinkToStore!crypt32.dll”。"
"Message",Normal,"          P/Invoke“FormatMessageW”已从“SupportedAPIs.xml”解析为“FormatMessageW!kernel32.dll”。"
"Message",Normal,"          P/Invoke“BCryptGetProperty”已从“SupportedAPIs.xml”解析为“BCryptGetProperty!BCrypt.dll”。"
"Message",Normal,"          P/Invoke“NCryptImportKey”已从“SupportedAPIs.xml”解析为“NCryptImportKey!ncrypt.dll”。"
"Message",Normal,"          P/Invoke“NCryptGetProperty”已从“SupportedAPIs.xml”解析为“NCryptGetProperty!ncrypt.dll”。"
"Message",Normal,"          P/Invoke“CryptImportKey”已从“SupportedAPIs.xml”解析为“CryptImportKey!advapi32.dll”。"
"Message",Normal,"          P/Invoke“CryptSetProvParam”已从“SupportedAPIs.xml”解析为“CryptSetProvParam!advapi32.dll”。"
"Message",Normal,"          P/Invoke“LsaLookupSids”已从“SupportedAPIs.xml”解析为“LsaLookupSids!advapi32.dll”。"
"Message",Normal,"          P/Invoke“BCryptDestroyKey”已从“SupportedAPIs.xml”解析为“BCryptDestroyKey!BCrypt.dll”。"
"Message",Normal,"          P/Invoke“LocalFree”已从“SupportedAPIs.xml”解析为“LocalFree!kernel32.dll”。"
"Message",Normal,"          P/Invoke“LsaLookupNames2”已从“SupportedAPIs.xml”解析为“LsaLookupNames2!advapi32.dll”。"
"Message",Normal,"          P/Invoke“CertControlStore”已从“SupportedAPIs.xml”解析为“CertControlStore!crypt32.dll”。"
"Message",Normal,"          P/Invoke“CertOpenStore”已从“SupportedAPIs.xml”解析为“CertOpenStore!crypt32.dll”。"
"Message",Normal,"          P/Invoke“NCryptSetProperty”已从“SupportedAPIs.xml”解析为“NCryptSetProperty!ncrypt.dll”。"
"Message",Normal,"          P/Invoke“CryptDecodeObject”已从“SupportedAPIs.xml”解析为“CryptDecodeObject!crypt32.dll”。"
"Message",Normal,"          P/Invoke“CryptSetProvParam”已从“SupportedAPIs.xml”解析为“CryptSetProvParam!advapi32.dll”。"
"Message",Normal,"          P/Invoke“LsaOpenPolicy”已从“SupportedAPIs.xml”解析为“LsaOpenPolicy!advapi32.dll”。"
"Message",Normal,"          P/Invoke“LsaClose”已从“SupportedAPIs.xml”解析为“LsaClose!advapi32.dll”。"
"Message",Normal,"          P/Invoke“LsaFreeMemory”已从“SupportedAPIs.xml”解析为“LsaFreeMemory!advapi32.dll”。"
"Message",Normal,"          P/Invoke“GetNameInfoW”已从“SupportedAPIs.xml”解析为“GetNameInfoW!ws2_32.dll”。"
"Message",Normal,"          P/Invoke“CryptFindOIDInfo”已从“SupportedAPIs.xml”解析为“CryptFindOIDInfo!crypt32.dll”。"
"Message",Normal,"          P/Invoke“CryptGenKey”已从“SupportedAPIs.xml”解析为“CryptGenKey!advapi32.dll”。"
"Message",Normal,"          P/Invoke“CertVerifyCertificateChainPolicy”已从“SupportedAPIs.xml”解析为“CertVerifyCertificateChainPolicy!crypt32.dll”。"
"Message",Normal,"          P/Invoke“CertFindExtension”已从“SupportedAPIs.xml”解析为“CertFindExtension!crypt32.dll”。"
"Message",Normal,"          P/Invoke“CertGetValidUsages”已从“SupportedAPIs.xml”解析为“CertGetValidUsages!crypt32.dll”。"
"Message",Normal,"          P/Invoke“CertGetIntendedKeyUsage”已从“SupportedAPIs.xml”解析为“CertGetIntendedKeyUsage!crypt32.dll”。"
"Message",Normal,"          P/Invoke“CertEnumCertificatesInStore”已从“SupportedAPIs.xml”解析为“CertEnumCertificatesInStore!crypt32.dll”。"
"Message",Normal,"          P/Invoke“SetFileCompletionNotificationModes”已从“SupportedAPIs.xml”解析为“SetFileCompletionNotificationModes!kernel32.dll”。"
"Message",Normal,"          P/Invoke“BCryptCreateHash”已从“SupportedAPIs.xml”解析为“BCryptCreateHash!BCrypt.dll”。"
"Message",Normal,"          P/Invoke“BCryptGetProperty”已从“SupportedAPIs.xml”解析为“BCryptGetProperty!BCrypt.dll”。"
"Message",Normal,"          P/Invoke“CertVerifyTimeValidity”已从“SupportedAPIs.xml”解析为“CertVerifyTimeValidity!crypt32.dll”。"
"Message",Normal,"          P/Invoke“CertFreeCertificateContext”已从“SupportedAPIs.xml”解析为“CertFreeCertificateContext!crypt32.dll”。"
"Message",Normal,"          P/Invoke“EncryptMessage”已从“SupportedAPIs.xml”解析为“EncryptMessage!sspicli.dll”。"
"Message",Normal,"          P/Invoke“DecryptMessage”已从“SupportedAPIs.xml”解析为“DecryptMessage!sspicli.dll”。"
"Message",Normal,"          P/Invoke“BCryptOpenAlgorithmProvider”已从“SupportedAPIs.xml”解析为“BCryptOpenAlgorithmProvider!BCrypt.dll”。"
"Message",Normal,"          P/Invoke“BCryptCloseAlgorithmProvider”已从“SupportedAPIs.xml”解析为“BCryptCloseAlgorithmProvider!BCrypt.dll”。"
"Message",Normal,"          P/Invoke“BCryptDestroyHash”已从“SupportedAPIs.xml”解析为“BCryptDestroyHash!BCrypt.dll”。"
"Message",Normal,"          P/Invoke“EnumerateSecurityPackagesW”已从“SupportedAPIs.xml”解析为“EnumerateSecurityPackagesW!sspicli.dll”。"
"Message",Normal,"          P/Invoke“QueryContextAttributesW”已从“SupportedAPIs.xml”解析为“QueryContextAttributesW!sspicli.dll”。"
"Message",Normal,"          P/Invoke“ApplyControlToken”已从“SupportedAPIs.xml”解析为“ApplyControlToken!sspicli.dll”。"
"Message",Normal,"          P/Invoke“FreeContextBuffer”已从“SupportedAPIs.xml”解析为“FreeContextBuffer!sspicli.dll”。"
"Message",Normal,"          P/Invoke“AcceptSecurityContext”已从“SupportedAPIs.xml”解析为“AcceptSecurityContext!sspicli.dll”。"
"Message",Normal,"          P/Invoke“DeleteSecurityContext”已从“SupportedAPIs.xml”解析为“DeleteSecurityContext!sspicli.dll”。"
"Message",Normal,"          P/Invoke“InitializeSecurityContextW”已从“SupportedAPIs.xml”解析为“InitializeSecurityContextW!sspicli.dll”。"
"Message",Normal,"          P/Invoke“AcquireCredentialsHandleW”已从“SupportedAPIs.xml”解析为“AcquireCredentialsHandleW!sspicli.dll”。"
"Message",Normal,"          P/Invoke“FreeCredentialsHandle”已从“SupportedAPIs.xml”解析为“FreeCredentialsHandle!sspicli.dll”。"
"Message",High,"  正在生成代码..."
"Message",High,"  生成的互操作代码。"
"Message",Normal,"  将代码写入到 AssemblyInfo.g.cs"
"Message",Normal,"  将代码写入到 Adapters.g.cs"
"Message",Normal,"  将代码写入到 Data.g.cs"
"Message",Normal,"  将代码写入到 Helpers.g.cs"
"Message",Normal,"  将代码写入到 ImplTypes.g.cs"
"Message",Normal,"  将代码写入到 PInvoke.g.cs"
"Message",Normal,"  将代码写入到 SafeTypes.g.cs"
"Message",Normal,"  将代码写入到 SharedStubs.g.cs"
"Message",Normal,"正在运行“GenerateCodeAndCompile”转换，达到 315 MB 时形成堆。"
"Message",High,"正在编译互操作代码"
"Message",Normal,"编译生成的源代码: C:\Program Files (x86)\Microsoft SDKs\UWPNuGetPackages\microsoft.net.native.compiler\2.2.12-rel-31116-00\tools\csc\csc.exe /noconfig @""D:\DYNAMIC-CHIN\Documents\GitHub\database\obj\x64\Release\ilc\intermediate\StudentManagmentSystem.McgInterop.rsp"""
"Message",High,"正在生成 System.Reflection.DispatchProxy 代理代码。"
"Message",Normal,"正在运行“ReducedCopyInitialize”转换，达到 315 MB 时形成堆。"
"Message",Normal,"正在运行“ReducedCopyEmptyTypes”转换，达到 341 MB 时形成堆。"
"Message",Normal,"正在运行“ReducedCopyPopulateTypes”转换，达到 347 MB 时形成堆。"
"Message",Normal,"正在运行“ReducedCopyLateMetadata”转换，达到 391 MB 时形成堆。"
"Message",Normal,"正在运行“ReducedCopyPassResourcesToMutableAssembly”转换，达到 357 MB 时形成堆。"
"Message",Normal,"正在运行“ReducedCopyMethodBodies”转换，达到 358 MB 时形成堆。"
"Message",Normal,"正在运行“ReducedCopyComplete”转换，达到 418 MB 时形成堆。"
"Message",Normal,"正在运行“ReducedCopyCleanup”转换，达到 465 MB 时形成堆。"
"Message",Normal,"正在运行“DeveloperExperienceModeOnlyCodeRemover”转换，达到 112 MB 时形成堆。"
"Message",Normal,"正在运行“ComImportDetector”转换，达到 112 MB 时形成堆。"
"Message",Normal,"正在运行“McgAccessor”转换，达到 112 MB 时形成堆。"
"Message",Normal,"正在运行“McgRedirect”转换，达到 115 MB 时形成堆。"
"Message",Normal,"正在运行“McgRedirect”转换，达到 123 MB 时形成堆。"
"Message",Normal,"正在运行“McgTypeOf”转换，达到 125 MB 时形成堆。"
"Message",Normal,"正在运行“EventSource”转换，达到 134 MB 时形成堆。"
"Message",Normal,"正在运行“ValueType”转换，达到 135 MB 时形成堆。"
"Message",Normal,"正在运行“Attribute”转换，达到 135 MB 时形成堆。"
"Message",Normal,"正在运行“GetType”转换，达到 136 MB 时形成堆。"
"Message",Normal,"正在运行“McgFixups”转换，达到 137 MB 时形成堆。"
"Message",Normal,"正在运行“ResourceManagerCtor”转换，达到 138 MB 时形成堆。"
"Message",Normal,"正在运行“TypeofTypeHandle”转换，达到 138 MB 时形成堆。"
"Message",Normal,"正在运行“DispatchProxyIntrinsics”转换，达到 146 MB 时形成堆。"
"Message",Normal,"正在运行“StaticInitData”转换，达到 147 MB 时形成堆。"
"Message",Normal,"正在运行“Delegate”转换，达到 164 MB 时形成堆。"
"Message",Normal,"正在运行“LazyGenerics”转换，达到 167 MB 时形成堆。"
"Message",Normal,"正在运行“AddReflectionBlockedAttributes”转换，达到 199 MB 时形成堆。"
"Message",Normal,"正在运行“DisableOptimization”转换，达到 199 MB 时形成堆。"
"Message",Normal,"正在运行“ResourceExtractor”转换，达到 199 MB 时形成堆。"
"Message",Normal,"正在运行“CreateMetadata”转换，达到 200 MB 时形成堆。"
"Message",Normal,"正在运行“StartupCodeInjector”转换，达到 246 MB 时形成堆。"
"Message",Normal,"正在运行“SaveRVAStatics”转换，达到 246 MB 时形成堆。"
"Message",Normal,"正在运行“ReflectionInvoke”转换，达到 124 MB 时形成堆。"
"Message",Normal,"正在运行“ScrubOpenCalls”转换，达到 126 MB 时形成堆。"
"Message",Normal,"正在运行“ConvertCatchIntoFilter”转换，达到 126 MB 时形成堆。"
"Message",Normal,"正在运行“ReflectionMappingInfoEmit”转换，达到 127 MB 时形成堆。"
"Message",Normal,"正在运行“ReflectionIntrinsics”转换，达到 130 MB 时形成堆。"
"Message",Normal,"正在运行“ConvertManagedWinMD”转换，达到 130 MB 时形成堆。"
"Message",Normal,"正在运行“DebuggerGuidedStepThroughJmc”转换，达到 130 MB 时形成堆。"
"Message",Normal,"正在运行“Reducer”转换，达到 136 MB 时形成堆。"
"Message",High,"正在清理未引用的代码"
"Message",Normal,"正在运行“WriteAssemblies”转换，达到 211 MB 时形成堆。"
"Message",Normal,""
"Message",Normal,"转换摘要"
"Message",Normal,"    毫秒 | 堆增量 | 名称"
"Message",Normal," 13560 |        144 | Analysis"
"Message",Normal,"  2933 |          0 | GenerateCodeAndCompile"
"Message",Normal,"  2309 |          2 | WriteAssemblies"
"Message",Normal,"  2078 |         20 | Mcg"
"Message",Normal,"  1629 |         75 | Reducer"
"Message",Normal,"   384 |         47 | ReducedCopyComplete"
"Message",Normal,"   370 |         44 | ReducedCopyPopulateTypes"
"Message",Normal,"   364 |         46 | CreateMetadata"
"Message",Normal,"   341 |         60 | ReducedCopyMethodBodies"
"Message",Normal,"   332 |         26 | ReducedCopyInitialize"
"Message",Normal,"   267 |        -34 | ReducedCopyLateMetadata"
"Message",Normal,"   210 |         32 | LazyGenerics"
"Message",Normal,"   177 |       -353 | ReducedCopyCleanup"
"Message",Normal,"   174 |         16 | DumpNativeResources"
"Message",Normal,"   168 |          8 | McgRedirect"
"Message",Normal,"   151 |       -122 | SaveRVAStatics"
"Message",Normal,"   135 |          9 | McgTypeOf"
"Message",Normal,"    85 |          1 | ResourceExtractor"
"Message",Normal,"    84 |          2 | McgRedirect"
"Message",Normal,"    81 |         17 | StaticInitData"
"Message",Normal,"    74 |          8 | TypeofTypeHandle"
"Message",Normal,"    30 |          1 | GetType"
"Message",Normal,"    27 |          6 | ReducedCopyEmptyTypes"
"Message",Normal,"    24 |          6 | DebuggerGuidedStepThroughJmc"
"Message",Normal,"    17 |          1 | DispatchProxyIntrinsics"
"Message",Normal,"    16 |          0 | ScrubOpenCalls"
"Message",Normal,"    15 |          0 | ReflectionIntrinsics"
"Message",Normal,"    14 |          3 | McgAccessor"
"Message",Normal,"    11 |          1 | McgFixups"
"Message",Normal,"    10 |          3 | Delegate"
"Message",Normal,"     8 |          1 | ConvertCatchIntoFilter"
"Message",Normal,"     7 |          2 | ReflectionInvoke"
"Message",Normal,"     4 |          1 | Attribute"
"Message",Normal,"     3 |          0 | AddReflectionBlockedAttributes"
"Message",Normal,"     3 |          3 | ReflectionMappingInfoEmit"
"Message",Normal,"     3 |          1 | EventSource"
"Message",Normal,"     2 |          1 | ReducedCopyPassResourcesToMutableAssembly"
"Message",Normal,"     1 |          0 | ValueType"
"Message",Normal,"     0 |          0 | ComImportDetector"
"Message",Normal,"     0 |          0 | DisableOptimization"
"Message",Normal,"     0 |          0 | ResourceManagerCtor"
"Message",Normal,"     0 |          0 | StartupCodeInjector"
"Message",Normal,"     0 |          0 | DeveloperExperienceModeOnlyCodeRemover"
"Message",Normal,"     0 |          0 | ConvertManagedWinMD"
"Message",Low,"已完成执行任务 ""RunILTransforms""。"
"Message",Low,"已完成在文件 ""ILTransforms"" 中生成目标 ""RunILTransforms""。"
"Message",Low,"已完成生成项目 ""ILTransforms""。"
"Message",Low,""
"Message",Low,""
"Message",Low,"已完成在文件 ""Nutc"" 中生成目标 ""GenerateMDIL""。"
"Message",Low,""
"Message",High,"正在生成本机代码"
"Message",Low,"已完成在文件 ""Nutc"" 中生成目标 ""MDILPrepareMultiFile""。"
"Message",Low,""
"Message",Low,"已完成在文件 ""Nutc"" 中生成目标 ""SetBinaryForReferences""。"
"Message",Low,""
"Message",Low,"任务 ""GenerateMDILGlobalAnalysis"""
"Message",Normal,"正在启动“C:\Program Files (x86)\Microsoft SDKs\UWPNuGetPackages\runtime.win10-x64.microsoft.net.native.compiler\2.2.12-rel-31116-00\tools\x64\ilc\Tools\nutc_driver.exe @""D:\DYNAMIC-CHIN\Documents\GitHub\database\obj\x64\Release\ilc\intermediate\MDIL\StudentManagmentSystem.rsp""”"
"Message",Low,"Microsoft (R) MDIL Compiler - Version 2.2.31116.00"
"Message",Low,"Copyright (c) Microsoft Corporation.  All rights reserved."
"Message",Low,"正在扫描输入类型"
"Message",Low,"正在扫描 12545 方法。"
"Message",Low,"正在扫描 10906 方法。"
"Message",Low,"正在扫描 5481 方法。"
"Message",Low,"正在扫描 3363 方法。"
"Message",Low,"正在扫描 3003 方法。"
"Message",Low,"正在扫描 2618 方法。"
"Message",Low,"正在扫描 2490 方法。"
"Message",Low,"正在扫描 1551 方法。"
"Message",Low,"正在扫描 1178 方法。"
"Message",Low,"正在扫描 865 方法。"
"Message",Low,"正在扫描 665 方法。"
"Message",Low,"正在扫描 591 方法。"
"Message",Low,"正在扫描 488 方法。"
"Message",Low,"正在扫描 435 方法。"
"Message",Low,"正在扫描 480 方法。"
"Message",Low,"正在扫描 315 方法。"
"Message",Low,"正在扫描 133 方法。"
"Message",Low,"正在扫描 126 方法。"
"Message",Low,"正在扫描 56 方法。"
"Message",Low,"正在扫描 16 方法。"
"Message",Low,"正在扫描 14 方法。"
"Message",Low,"正在扫描 2 方法。"
"Message",Low,"正在扫描 6 方法。"
"Message",Low,"正在扫描 12 方法。"
"Message",Low,"正在扫描 14 方法。"
"Message",Low,"正在扫描 13 方法。"
"Message",Low,"迫切生成代码"
"Message",Low,"正在编译 47366 方法。"
"Message",Low,"延迟生成代码"
"Message",Low,"对托管方法 Initialize 的调用成功；退出代码: 0 生成 CTL 时。堆栈跟踪元数据"
"Message",Low,"发出的方法数:   24719"
"Message",Low,"元数据 blob 大小:          575164"
"Message",Low,"方法 RVA - 令牌映射大小: 197752"
"Message",Low,"总本机大小:           772916"
"Message",Low,"已成功生成“D:\DYNAMIC-CHIN\Documents\GitHub\database\obj\x64\Release\ilc\intermediate\MDIL\StudentManagmentSystem.mdilexe”"
"Message",Low,"已成功生成“D:\DYNAMIC-CHIN\Documents\GitHub\database\obj\x64\Release\ilc\intermediate\MDIL\StudentManagmentSystem.mdilpdb”"
"Message",Low,"已编译为 MDIL 代码。"
"Message",Normal,"“C:\Program Files (x86)\Microsoft SDKs\UWPNuGetPackages\runtime.win10-x64.microsoft.net.native.compiler\2.2.12-rel-31116-00\tools\x64\ilc\Tools\nutc_driver.exe @""D:\DYNAMIC-CHIN\Documents\GitHub\database\obj\x64\Release\ilc\intermediate\MDIL\StudentManagmentSystem.rsp""”已完成。"
"Message",Normal,"进程执行统计信息(所有时间均以毫秒为单位)"
"Message",Normal,"-----------------------------------------------------------------------------"
"Message",Normal,"启动 | 开始 | 停止 | 结束 | 持续时间 | 生存期 | [槽] 名称"
"Message",Normal,"-----------------------------------------------------------------------------"
"Message",Normal,"       0 |       15 |    17031 |    17031 |    17016 |    17031 | [0] Nutc GlobalAnalysis"
"Message",Normal,"命令数:      1"
"Message",Normal,"总系统时间:       17031 毫秒"
"Message",Normal,"每命令系统时间: 17031 毫秒"
"Message",Normal,"总持续时间:          17016 毫秒"
"Message",Normal,"总生存时间:          17031 毫秒"
"Message",Normal,"请求的 DOP:           16"
"Message",Normal,"持续时间 DOP:            1.0"
"Message",Normal,"生存时间 DOP:            1.0"
"Message",Low,"已完成执行任务 ""GenerateMDILGlobalAnalysis""。"
"Message",Low,"已完成在文件 ""Nutc"" 中生成目标 ""GenerateMDILGlobalAnalysis""。"
"Message",Low,""
"Message",Low,"任务 ""rc"""
"Message",Normal,"正在启动“D:\Windows Kits\10\bin\10.0.22621.0\x64\rc.exe /c ""65001"" /r /fo ""D:\DYNAMIC-CHIN\Documents\GitHub\database\obj\x64\Release\ilc\intermediate\BuildInfo\BuildInfo.res"" ""D:\DYNAMIC-CHIN\Documents\GitHub\database\obj\x64\Release\ilc\intermediate\BuildInfo\BuildInfo.rc""”"
"Message",Low,"Microsoft (R) Windows (R) Resource Compiler Version 10.0.10011.16384"
"Message",Low,"Copyright (C) Microsoft Corporation.  All rights reserved."
"Message",Normal,"“D:\Windows Kits\10\bin\10.0.22621.0\x64\rc.exe /c ""65001"" /r /fo ""D:\DYNAMIC-CHIN\Documents\GitHub\database\obj\x64\Release\ilc\intermediate\BuildInfo\BuildInfo.res"" ""D:\DYNAMIC-CHIN\Documents\GitHub\database\obj\x64\Release\ilc\intermediate\BuildInfo\BuildInfo.rc""”已完成。"
"Message",Normal,"进程执行统计信息(所有时间均以毫秒为单位)"
"Message",Normal,"-----------------------------------------------------------------------------"
"Message",Normal,"启动 | 开始 | 停止 | 结束 | 持续时间 | 生存期 | [槽] 名称"
"Message",Normal,"-----------------------------------------------------------------------------"
"Message",Normal,"       0 |        0 |       31 |       31 |       31 |       31 | [0] rc"
"Message",Normal,"命令数:      1"
"Message",Normal,"总系统时间:       31 毫秒"
"Message",Normal,"每命令系统时间: 31 毫秒"
"Message",Normal,"总持续时间:          31 毫秒"
"Message",Normal,"总生存时间:          31 毫秒"
"Message",Normal,"请求的 DOP:           16"
"Message",Normal,"持续时间 DOP:            1.0"
"Message",Normal,"生存时间 DOP:            1.0"
"Message",Low,"已完成执行任务 ""rc""。"
"Message",Low,"任务 ""ResourceBinaryConcatenate"""
"Message",Normal,"正在用对齐值“4”连接到“D:\DYNAMIC-CHIN\Documents\GitHub\database\obj\x64\Release\ilc\intermediate\Native.res”。"
"Message",Normal,"在偏移量 0 处添加了“D:\DYNAMIC-CHIN\Documents\GitHub\database\obj\x64\Release\ilc\intermediate\ILTransformed\StudentManagmentSystem.res”。"
"Message",Normal,"在偏移量 1556 处添加了“D:\DYNAMIC-CHIN\Documents\GitHub\database\obj\x64\Release\ilc\intermediate\BuildInfo\BuildInfo.res”。"
"Message",Low,"已完成执行任务 ""ResourceBinaryConcatenate""。"
"Message",Low,"已完成在文件 ""Nutc"" 中生成目标 ""GenerateBuildInfo""。"
"Message",Low,"已完成生成项目 ""Nutc""。"
"Message",Low,""
"Message",Low,""
"Message",Low,"已完成在文件 ""Binder"" 中生成目标 ""MDILBindPrepare""。"
"Message",Low,""
"Message",High,"正在生成本机代码的链接地址信息"
"Message",Low,"任务 ""MDILBind"""
"Message",Normal,"正在启动“C:\Program Files (x86)\Microsoft SDKs\UWPNuGetPackages\runtime.win10-x64.microsoft.net.native.compiler\2.2.12-rel-31116-00\tools\x64\ilc\Tools\rhbind.exe @""D:\DYNAMIC-CHIN\Documents\GitHub\database\obj\x64\Release\ilc\intermediate\rhbindargs.StudentManagmentSystem.rsp""”"
"Message",Low,"操作系统版本: 主版本: 6 次版本: 2"
"Message",Low,"MDIL: D:\DYNAMIC-CHIN\Documents\GitHub\database\obj\x64\Release\ilc\intermediate\MDIL\StudentManagmentSystem.mdilexe"
"Message",Low,"MDILPDB: D:\DYNAMIC-CHIN\Documents\GitHub\database\obj\x64\Release\ilc\intermediate\MDIL\StudentManagmentSystem.mdilpdb"
"Message",Low,"IL: D:\DYNAMIC-CHIN\Documents\GitHub\database\obj\x64\Release\ilc\intermediate\MDIL\StudentManagmentSystem.ilexe"
"Message",Low,"NI: D:\DYNAMIC-CHIN\Documents\GitHub\database\obj\x64\Release\ilc\intermediate\Native\StudentManagmentSystem.dll"
"Message",Low,"填充码: D:\DYNAMIC-CHIN\Documents\GitHub\database\obj\x64\Release\ilc\intermediate\Native\StudentManagmentSystem.exe"
"Message",Low,"REDHAWK_RUNTIME_DLL_NAME_A=mrt100_app.dll"
"Message",Low,"pdb: D:\DYNAMIC-CHIN\Documents\GitHub\database\obj\x64\Release\ilc\intermediate\Native\StudentManagmentSystem.pdb"
"Message",Low,"生成了 D:\DYNAMIC-CHIN\Documents\GitHub\database\obj\x64\Release\ilc\intermediate\Native\StudentManagmentSystem.dll (2.747 秒内)"
"Message",Normal,"“C:\Program Files (x86)\Microsoft SDKs\UWPNuGetPackages\runtime.win10-x64.microsoft.net.native.compiler\2.2.12-rel-31116-00\tools\x64\ilc\Tools\rhbind.exe @""D:\DYNAMIC-CHIN\Documents\GitHub\database\obj\x64\Release\ilc\intermediate\rhbindargs.StudentManagmentSystem.rsp""”已完成。"
"Message",Normal,"进程执行统计信息(所有时间均以毫秒为单位)"
"Message",Normal,"-----------------------------------------------------------------------------"
"Message",Normal,"启动 | 开始 | 停止 | 结束 | 持续时间 | 生存期 | [槽] 名称"
"Message",Normal,"-----------------------------------------------------------------------------"
"Message",Normal,"       0 |       16 |     2812 |     2812 |     2796 |     2812 | [0] rhbind StudentManagmentSystem"
"Message",Normal,"命令数:      1"
"Message",Normal,"总系统时间:       2812 毫秒"
"Message",Normal,"每命令系统时间: 2812 毫秒"
"Message",Normal,"总持续时间:          2796 毫秒"
"Message",Normal,"总生存时间:          2812 毫秒"
"Message",Normal,"请求的 DOP:           16"
"Message",Normal,"持续时间 DOP:            1.0"
"Message",Normal,"生存时间 DOP:            1.0"
"Message",Low,"已完成执行任务 ""MDILBind""。"
"Message",Low,"已完成在文件 ""Binder"" 中生成目标 ""MDILBind""。"
"Message",Low,"已完成生成项目 ""Binder""。"
"Message",Low,""
"Message",Low,""
"Message",Low,"已完成在文件 ""Deployment"" 中生成目标 ""CopyNativeExecutablesToOutput""。"
"Message",Low,""
"Message",Low,"任务 ""TransformAppxManifest"""
"Message",Low,"已完成执行任务 ""TransformAppxManifest""。"
"Message",Low,"已完成在文件 ""Deployment"" 中生成目标 ""TransformAppxManifestAndAddCrt""。"
"Message",Low,""
"Message",Low,"已完成在文件 ""Deployment"" 中生成目标 ""CopyPackageResourceFileInRetailBuild""。"
"Message",Low,"已完成生成项目 ""Deployment""。"
"Message",Low,"编译已完成"
